name,category,tags,page
templatemo_001_one,misc,css|html|js|simple,https://templatemo.com/tm-001-one
templatemo_002_two,misc,css|html|js|simple,https://templatemo.com/tm-002-two
templatemo_003_three,misc,2-column|blue|fixed|js,https://templatemo.com/tm-003-three
templatemo_004_four,misc,css|fixed|green|html|js,https://templatemo.com/tm-004-four
templatemo_005_five,misc,2-column|black|css|fixed|html|js|lamp,https://templatemo.com/tm-005-five
templatemo_006_music_jack,misc,2-column|css|html|js|yellow,https://templatemo.com/tm-006-music-jack
templatemo_007_simple_blue,misc,2-column|blue|css|html|js,https://templatemo.com/tm-007-simple-blue
templatemo_008_salad,misc,2-column|green|js|white,https://templatemo.com/tm-008-salad
templatemo_009_butterfly,misc,2-column|blue|js,https://templatemo.com/tm-009-butterfly
templatemo_010_cocktail,misc,black|darkgray|green|js|one-page,https://templatemo.com/tm-010-cocktail
templatemo_011_pinky,misc,2-column|js|pink,https://templatemo.com/tm-011-pinky
templatemo_012_brown,misc,2-column|brown|js,https://templatemo.com/tm-012-brown
templatemo_013_music_note,music,2-column|js|music|red,https://templatemo.com/tm-013-music-note
templatemo_014_construction,misc,2-column|blue|green|js,https://templatemo.com/tm-014-construction
templatemo_015_photo,misc,2-column|black|green|js,https://templatemo.com/tm-015-photo
templatemo_016_galaxy,misc,2-column|black|js|one-page|yellow,https://templatemo.com/tm-016-galaxy
templatemo_017_design,blog,2-column|blog|brown|js,https://templatemo.com/tm-017-design
templatemo_018_green_day,misc,2-column|green|js,https://templatemo.com/tm-018-green-day
templatemo_019_balloon,misc,2-column|js|red|yellow,https://templatemo.com/tm-019-balloon
templatemo_020_construction,misc,blue|js|lightgray|white,https://templatemo.com/tm-020-construction
templatemo_021_fresh,misc,2-column|blue|js,https://templatemo.com/tm-021-fresh
templatemo_022_floral,misc,3-column|js|pink,https://templatemo.com/tm-022-floral
templatemo_023_business,misc,3-column|blue|js,https://templatemo.com/tm-023-business
templatemo_024_flower,misc,3-column|darkgray|js|yellow,https://templatemo.com/tm-024-flower
templatemo_025_fruit,misc,2-column|darkgray|green|js,https://templatemo.com/tm-025-fruit
templatemo_026_hosting,misc,3-column|darkgray|hosting|js,https://templatemo.com/tm-026-hosting
templatemo_027_classic,misc,2-column|js|red|white,https://templatemo.com/tm-027-classic
templatemo_028_dark_gray,misc,2-column|blue|darkgray|js|red,https://templatemo.com/tm-028-dark-gray
templatemo_029_light_blue,misc,2-column|blue|green|js,https://templatemo.com/tm-029-light-blue
templatemo_030_blog,blog,2-column|blog|darkgray|js,https://templatemo.com/tm-030-blog
templatemo_031_artist,misc,brown|js|one-page,https://templatemo.com/tm-031-artist
templatemo_032_travel,travel,3-column|css|html|js|red|sunset|travel,https://templatemo.com/tm-032-travel
templatemo_033_tomato,corporate,2-column|corporate|darkgray|js|red|white,https://templatemo.com/tm-033-tomato
templatemo_034_pets,misc,2-column|css|green|html|js|simple,https://templatemo.com/tm-034-pets
templatemo_035_construction,construction,2-column|blue|building|construction|js|simple|white,https://templatemo.com/tm-035-construction
templatemo_036_cooking,restaurant,2-column|cooking|darkslategray|green|js|restaurant|white,https://templatemo.com/tm-036-cooking
templatemo_037_nightclub,music,3-column|brown|css|dj|html|js|music|nightclub|red|simple,https://templatemo.com/tm-037-nightclub
templatemo_038_woman,clothing,2-column|clothing|js|purple|shop|store|white|woman,https://templatemo.com/tm-038-woman
templatemo_039_citynight,misc,3-column|black|building|city|css|html|js|midnightblue|night|simple,https://templatemo.com/tm-039-citynight
templatemo_040_photoblog,misc,2-column|black|css|html|js|red,https://templatemo.com/tm-040-photoblog
templatemo_041_creation,misc,black|blue|css|html|javascript|js|one-page,https://templatemo.com/tm-041-creation
templatemo_042_business,corporate,3-column|blue|business|corporate|css|html|js|red|simple,https://templatemo.com/tm-042-business
templatemo_043_restaurant,restaurant,2-column|brown|css|html|js|restaurant,https://templatemo.com/tm-043-restaurant
templatemo_044_gift,misc,2-column|css|gift|html|js|red|white,https://templatemo.com/tm-044-gift
templatemo_045_christmas,misc,blue|christmas|css|green|html|js|red|yellow,https://templatemo.com/tm-045-christmas
templatemo_046_art_gallery,misc,2-column|art|css|gallery|green|html|js|simple,https://templatemo.com/tm-046-art-gallery
templatemo_047_music,music,brown|catalog|css|ecommerce|html|js|music|red|store,https://templatemo.com/tm-047-music
templatemo_048_car,misc,1-column|blue|css|curve|html|js|lightblue,https://templatemo.com/tm-048-car
templatemo_049_studio,misc,1-column|css|green|html|js|one-page|orange|simple,https://templatemo.com/tm-049-studio
templatemo_050_metal,misc,1-column|black|css|darkgray|html|js|modern|one-page|silver|simple,https://templatemo.com/tm-050-metal
templatemo_051_news,magazine,3-column|css|html|js|magazine|news|red,https://templatemo.com/tm-051-news
templatemo_052_gallery,misc,blue|css|html|js|simple,https://templatemo.com/tm-052-gallery
templatemo_053_business,corporate,3-column|black|business|corporate|darkgray|js,https://templatemo.com/tm-053-business
templatemo_054_restaurant,restaurant,1-column|food|js|one-page|red|restaurant,https://templatemo.com/tm-054-restaurant
templatemo_055_blog,blog,2-column|art|blog|js|pink|purple,https://templatemo.com/tm-055-blog
templatemo_056_travel,travel,brown|js|tour|travel|white,https://templatemo.com/tm-056-travel
templatemo_057_pizza,food,2-column|food|js|orange|pizza|red|store,https://templatemo.com/tm-057-pizza
templatemo_058_old_blog,blog,blog|brown|js|wooden,https://templatemo.com/tm-058-old-blog
templatemo_059_finance,misc,css|green|js,https://templatemo.com/tm-059-finance
templatemo_060_hosting,misc,blue|hosting|js|lightgray,https://templatemo.com/tm-060-hosting
templatemo_061_phone,misc,black|css|gray|js,https://templatemo.com/tm-061-phone
templatemo_062_white,misc,css|js|lightgray|white,https://templatemo.com/tm-062-white
templatemo_063_green_blog,blog,2-column|blog|css|html|js|texture,https://templatemo.com/tm-063-green-blog
templatemo_064_black_media,misc,js,https://templatemo.com/tm-064-black-media
templatemo_064_blue_media,misc,js,https://templatemo.com/tm-064-blue-media
templatemo_065_office,misc,js,https://templatemo.com/tm-065-office
templatemo_066_jean,misc,js,https://templatemo.com/tm-066-jean
templatemo_067_fashion,misc,js,https://templatemo.com/tm-067-fashion
templatemo_068_ice_bubble,misc,js,https://templatemo.com/tm-068-ice-bubble
templatemo_069_camera,misc,js,https://templatemo.com/tm-069-camera
templatemo_070_pink,misc,js,https://templatemo.com/tm-070-pink
templatemo_071_paint_blog,misc,js,https://templatemo.com/tm-071-paint-blog
templatemo_072_food_blog,misc,js,https://templatemo.com/tm-072-food-blog
templatemo_073_automobile,misc,js,https://templatemo.com/tm-073-automobile
templatemo_074_dog,misc,js,https://templatemo.com/tm-074-dog
templatemo_075_mag_orange,misc,js,https://templatemo.com/tm-075-mag-orange
templatemo_075_mag_wood,misc,js,https://templatemo.com/tm-075-mag-wood
templatemo_076_flower_shop,misc,js,https://templatemo.com/tm-076-flower-shop
templatemo_077_insect_blog,misc,js,https://templatemo.com/tm-077-insect-blog
templatemo_078_real_estate,misc,js,https://templatemo.com/tm-078-real-estate
templatemo_079_gray_blog,misc,js,https://templatemo.com/tm-079-gray-blog
templatemo_080_church,misc,js,https://templatemo.com/tm-080-church
templatemo_081_business,misc,js,https://templatemo.com/tm-081-business
templatemo_082_tea_and_meal,misc,js,https://templatemo.com/tm-082-tea-and-meal
templatemo_083_old_wall,misc,js,https://templatemo.com/tm-083-old-wall
templatemo_084_design_blog,misc,js,https://templatemo.com/tm-084-design-blog
templatemo_085_strawberry,misc,js,https://templatemo.com/tm-085-strawberry
templatemo_086_book_store,misc,js,https://templatemo.com/tm-086-book-store
templatemo_087_solution,misc,js,https://templatemo.com/tm-087-solution
templatemo_088_design_gallery,misc,js,https://templatemo.com/tm-088-design-gallery
templatemo_089_dating,misc,js,https://templatemo.com/tm-089-dating
templatemo_090_lifestyle,misc,js,https://templatemo.com/tm-090-lifestyle
templatemo_091_business,misc,js,https://templatemo.com/tm-091-business
templatemo_092_software,misc,js,https://templatemo.com/tm-092-software
templatemo_093_nature,misc,js,https://templatemo.com/tm-093-nature
templatemo_094_garden,misc,js,https://templatemo.com/tm-094-garden
templatemo_095_hotel,misc,js,https://templatemo.com/tm-095-hotel
templatemo_096_pinky,misc,js,https://templatemo.com/tm-096-pinky
templatemo_097_voip,misc,js,https://templatemo.com/tm-097-voip
templatemo_098_slider,misc,js,https://templatemo.com/tm-098-slider
templatemo_099_church,misc,js,https://templatemo.com/tm-099-church
templatemo_100_personal,misc,js,https://templatemo.com/tm-100-personal
templatemo_101_design_blog,misc,js,https://templatemo.com/tm-101-design-blog
templatemo_102_floral,misc,js,https://templatemo.com/tm-102-floral
templatemo_103_guitar,misc,js,https://templatemo.com/tm-103-guitar
templatemo_104_hotel,misc,js,https://templatemo.com/tm-104-hotel
templatemo_105_chrome,misc,js,https://templatemo.com/tm-105-chrome
templatemo_106_travel,misc,js,https://templatemo.com/tm-106-travel
templatemo_107_construction,misc,js,https://templatemo.com/tm-107-construction
templatemo_108_arrow,misc,js,https://templatemo.com/tm-108-arrow
templatemo_109_web_design,misc,js,https://templatemo.com/tm-109-web-design
templatemo_110_lin_photo,misc,js,https://templatemo.com/tm-110-lin-photo
templatemo_111_global,misc,js,https://templatemo.com/tm-111-global
templatemo_112_pro_studio,misc,js,https://templatemo.com/tm-112-pro-studio
templatemo_113_business,misc,js,https://templatemo.com/tm-113-business
templatemo_114_history,misc,js,https://templatemo.com/tm-114-history
templatemo_115_metallic,misc,js,https://templatemo.com/tm-115-metallic
templatemo_116_grunge_blog,misc,js,https://templatemo.com/tm-116-grunge-blog
templatemo_117_seagull,misc,js,https://templatemo.com/tm-117-seagull
templatemo_118_block_3d,misc,js,https://templatemo.com/tm-118-block-3d
templatemo_119_fruit,misc,js,https://templatemo.com/tm-119-fruit
templatemo_120_dark_brown,misc,js,https://templatemo.com/tm-120-dark-brown
templatemo_121_simple_blue,misc,js,https://templatemo.com/tm-121-simple-blue
templatemo_121_simple_gray,misc,js,https://templatemo.com/tm-121-simple-gray
templatemo_122_perspective,misc,js,https://templatemo.com/tm-122-perspective
templatemo_123_car,misc,js,https://templatemo.com/tm-123-car
templatemo_124_media,misc,js,https://templatemo.com/tm-124-media
templatemo_125_consultant,misc,js,https://templatemo.com/tm-125-consultant
templatemo_126_bird_store,misc,js,https://templatemo.com/tm-126-bird-store
templatemo_127_mini_site,misc,js,https://templatemo.com/tm-127-mini-site
templatemo_128_wood_site,misc,js,https://templatemo.com/tm-128-wood-site
templatemo_129_biz_brown,misc,js,https://templatemo.com/tm-129-biz-brown
templatemo_129_biz_dark_khaki,misc,js,https://templatemo.com/tm-129-biz-dark-khaki
templatemo_129_biz_gray,misc,js,https://templatemo.com/tm-129-biz-gray
templatemo_130_blue,misc,js,https://templatemo.com/tm-130-blue
templatemo_131_game,misc,js,https://templatemo.com/tm-131-game
templatemo_132_greenhome,misc,js,https://templatemo.com/tm-132-greenhome
templatemo_133_virtual_site,misc,js,https://templatemo.com/tm-133-virtual-site
templatemo_134_corporate_green,misc,js,https://templatemo.com/tm-134-corporate-green
templatemo_134_corporate_yellow,misc,js,https://templatemo.com/tm-134-corporate-yellow
templatemo_135_art_gallery,misc,js,https://templatemo.com/tm-135-art-gallery
templatemo_136_greeny,misc,js,https://templatemo.com/tm-136-greeny
templatemo_137_construction,misc,js,https://templatemo.com/tm-137-construction
templatemo_138_travel,misc,js,https://templatemo.com/tm-138-travel
templatemo_139_business,misc,js,https://templatemo.com/tm-139-business
templatemo_140_design_agency,misc,js,https://templatemo.com/tm-140-design-agency
templatemo_141_architect,misc,js,https://templatemo.com/tm-141-architect
templatemo_142_art_blog,misc,js,https://templatemo.com/tm-142-art-blog
templatemo_143_creative,misc,js,https://templatemo.com/tm-143-creative
templatemo_144_production,misc,js,https://templatemo.com/tm-144-production
templatemo_145_floral,misc,js,https://templatemo.com/tm-145-floral
templatemo_146_fortune,misc,js,https://templatemo.com/tm-146-fortune
templatemo_147_biz_brown,misc,js,https://templatemo.com/tm-147-biz-brown
templatemo_147_biz_darkblue,misc,js,https://templatemo.com/tm-147-biz-darkblue
templatemo_148_sunset,misc,js,https://templatemo.com/tm-148-sunset
templatemo_149_people,misc,js,https://templatemo.com/tm-149-people
templatemo_150_creative_idea,misc,js,https://templatemo.com/tm-150-creative-idea
templatemo_151_grunge,misc,js,https://templatemo.com/tm-151-grunge
templatemo_152_projection,misc,js,https://templatemo.com/tm-152-projection
templatemo_153_gray,misc,js,https://templatemo.com/tm-153-gray
templatemo_153_green,misc,js,https://templatemo.com/tm-153-green
templatemo_154_toy_addict,misc,js,https://templatemo.com/tm-154-toy-addict
templatemo_155_western_shop,misc,js,https://templatemo.com/tm-155-western-shop
templatemo_156_professional,misc,js,https://templatemo.com/tm-156-professional
templatemo_157_yellow_blog,misc,js,https://templatemo.com/tm-157-yellow-blog
templatemo_158_interior,misc,js,https://templatemo.com/tm-158-interior
templatemo_159_wooden,misc,js,https://templatemo.com/tm-159-wooden
templatemo_160_orange_bar,misc,js,https://templatemo.com/tm-160-orange-bar
templatemo_161_just,misc,js,https://templatemo.com/tm-161-just
templatemo_162_gray_company,misc,js,https://templatemo.com/tm-162-gray-company
templatemo_163_simple_orange,misc,js,https://templatemo.com/tm-163-simple-orange
templatemo_164_portfolio,misc,js,https://templatemo.com/tm-164-portfolio
templatemo_165_crossing,misc,js,https://templatemo.com/tm-165-crossing
templatemo_166_greeny,misc,js,https://templatemo.com/tm-166-greeny
templatemo_167_design_team,misc,js,https://templatemo.com/tm-167-design-team
templatemo_168_specific,misc,js,https://templatemo.com/tm-168-specific
templatemo_169_garden,misc,js,https://templatemo.com/tm-169-garden
templatemo_170_motor_cycle,misc,js,https://templatemo.com/tm-170-motor-cycle
templatemo_171_wooden_blog,misc,js,https://templatemo.com/tm-171-wooden-blog
templatemo_172_mini,misc,js,https://templatemo.com/tm-172-mini
templatemo_173_store,misc,js,https://templatemo.com/tm-173-store
templatemo_174_biograph,misc,js,https://templatemo.com/tm-174-biograph
templatemo_175_gift_blog,misc,js,https://templatemo.com/tm-175-gift-blog
templatemo_176_christmas,misc,js,https://templatemo.com/tm-176-christmas
templatemo_177_teal,misc,js,https://templatemo.com/tm-177-teal
templatemo_178_floral_designer,misc,js,https://templatemo.com/tm-178-floral-designer
templatemo_179_stable,misc,js,https://templatemo.com/tm-179-stable
templatemo_180_speaker_blog,misc,js,https://templatemo.com/tm-180-speaker-blog
templatemo_181_night_dream,misc,js,https://templatemo.com/tm-181-night-dream
templatemo_182_sport_center,misc,js,https://templatemo.com/tm-182-sport-center
templatemo_183_green_black,misc,js,https://templatemo.com/tm-183-green-black
templatemo_184_brown,misc,js,https://templatemo.com/tm-184-brown
templatemo_185_paper_blog,misc,js,https://templatemo.com/tm-185-paper-blog
templatemo_186_travel,misc,js,https://templatemo.com/tm-186-travel
templatemo_187_general,misc,js,https://templatemo.com/tm-187-general
templatemo_188_black_beat,misc,js,https://templatemo.com/tm-188-black-beat
templatemo_189_showcase,misc,js,https://templatemo.com/tm-189-showcase
templatemo_190_steak,misc,js,https://templatemo.com/tm-190-steak
templatemo_191_company_green,misc,js,https://templatemo.com/tm-191-company-green
templatemo_191_company_yellow,misc,js,https://templatemo.com/tm-191-company-yellow
templatemo_192_woody,misc,js,https://templatemo.com/tm-192-woody
templatemo_193_gadget,misc,js,https://templatemo.com/tm-193-gadget
templatemo_194_fashion_blog,misc,js,https://templatemo.com/tm-194-fashion-blog
templatemo_195_scene,misc,js,https://templatemo.com/tm-195-scene
templatemo_196_real_estate,misc,js,https://templatemo.com/tm-196-real-estate
templatemo_197_cloudy,misc,js,https://templatemo.com/tm-197-cloudy
templatemo_198_photographer,misc,js,https://templatemo.com/tm-198-photographer
templatemo_199_fruit_art,misc,js,https://templatemo.com/tm-199-fruit-art
templatemo_200_jean,misc,js,https://templatemo.com/tm-200-jean
templatemo_201_magazine,misc,js,https://templatemo.com/tm-201-magazine
templatemo_202_xtreme,misc,js,https://templatemo.com/tm-202-xtreme
templatemo_203_corporate,misc,js,https://templatemo.com/tm-203-corporate
templatemo_204_particle,misc,js,https://templatemo.com/tm-204-particle
templatemo_205_web_tech,misc,js,https://templatemo.com/tm-205-web-tech
templatemo_206_fruit_site,misc,js,https://templatemo.com/tm-206-fruit-site
templatemo_207_light_gray,misc,js,https://templatemo.com/tm-207-light-gray
templatemo_208_global,misc,js,https://templatemo.com/tm-208-global
templatemo_209_work,misc,js,https://templatemo.com/tm-209-work
templatemo_210_simple_blue,misc,js,https://templatemo.com/tm-210-simple-blue
templatemo_211_grid_system,misc,js,https://templatemo.com/tm-211-grid-system
templatemo_212_black_wave,misc,js,https://templatemo.com/tm-212-black-wave
templatemo_213_education,misc,js,https://templatemo.com/tm-213-education
templatemo_214_metal,misc,js,https://templatemo.com/tm-214-metal
templatemo_215_shoe_store,misc,js,https://templatemo.com/tm-215-shoe-store
templatemo_216_pink_shop,misc,js,https://templatemo.com/tm-216-pink-shop
templatemo_217_travel_tour,misc,js,https://templatemo.com/tm-217-travel-tour
templatemo_218_greeny,misc,js,https://templatemo.com/tm-218-greeny
templatemo_219_star,misc,js,https://templatemo.com/tm-219-star
templatemo_220_zine_blue,misc,js,https://templatemo.com/tm-220-zine-blue
templatemo_220_zine_green,misc,js,https://templatemo.com/tm-220-zine-green
templatemo_221_wall,misc,js,https://templatemo.com/tm-221-wall
templatemo_222_corporate,misc,js,https://templatemo.com/tm-222-corporate
templatemo_223_milky,misc,js,https://templatemo.com/tm-223-milky
templatemo_224_wedding_store,misc,js,https://templatemo.com/tm-224-wedding-store
templatemo_225_retro,misc,js,https://templatemo.com/tm-225-retro
templatemo_226_metal_curve,misc,js,https://templatemo.com/tm-226-metal-curve
templatemo_227_portfolio,misc,js,https://templatemo.com/tm-227-portfolio
templatemo_228_gadget_store,misc,js,https://templatemo.com/tm-228-gadget-store
templatemo_229_light_space,misc,js,https://templatemo.com/tm-229-light-space
templatemo_230_city_portal,misc,js,https://templatemo.com/tm-230-city-portal
templatemo_231_general,misc,js,https://templatemo.com/tm-231-general
templatemo_232_sound_box,misc,js,https://templatemo.com/tm-232-sound-box
templatemo_233_coffee,misc,js,https://templatemo.com/tm-233-coffee
templatemo_234_portfolio,misc,js,https://templatemo.com/tm-234-portfolio
templatemo_235_business,misc,js,https://templatemo.com/tm-235-business
templatemo_236_glow,misc,js,https://templatemo.com/tm-236-glow
templatemo_237_extreme,misc,js,https://templatemo.com/tm-237-extreme
templatemo_238_fruit_mix,misc,js,https://templatemo.com/tm-238-fruit-mix
templatemo_239_pro_teal,misc,js,https://templatemo.com/tm-239-pro-teal
templatemo_240_garden,misc,js,https://templatemo.com/tm-240-garden
templatemo_241_multi_layer,misc,js,https://templatemo.com/tm-241-multi-layer
templatemo_242_design_blog,misc,js,https://templatemo.com/tm-242-design-blog
templatemo_243_web_design,misc,js,https://templatemo.com/tm-243-web-design
templatemo_244_tripod,misc,js,https://templatemo.com/tm-244-tripod
templatemo_245_redox,misc,js,https://templatemo.com/tm-245-redox
templatemo_246_club,misc,js,https://templatemo.com/tm-246-club
templatemo_247_health,misc,js,https://templatemo.com/tm-247-health
templatemo_248_world,misc,js,https://templatemo.com/tm-248-world
templatemo_249_ancient,misc,js,https://templatemo.com/tm-249-ancient
templatemo_250_chess,misc,js,https://templatemo.com/tm-250-chess
templatemo_251_clean_blog,misc,js,https://templatemo.com/tm-251-clean-blog
templatemo_252_active,misc,js,https://templatemo.com/tm-252-active
templatemo_253_eye_candy,misc,js,https://templatemo.com/tm-253-eye-candy
templatemo_254_agency,misc,js,https://templatemo.com/tm-254-agency
templatemo_255_multi_color,misc,js,https://templatemo.com/tm-255-multi-color
templatemo_256_black_fox,misc,js,https://templatemo.com/tm-256-black-fox
templatemo_257_curve,misc,js,https://templatemo.com/tm-257-curve
templatemo_258_big_city,blog,blog|css|js|red,https://templatemo.com/tm-258-big-city
templatemo_259_yellow_cafe,misc,2-column|css|green|html|js|yellow,https://templatemo.com/tm-259-yellow-cafe
templatemo_260_global,misc,2-column|3-column|brown|dreamweaver|js,https://templatemo.com/tm-260-global
templatemo_261_violet,misc,1-column|3-column|4-column|js|silver|violet,https://templatemo.com/tm-261-violet
templatemo_262_eco_green,misc,1-column|css|green|html|js|one-page|silver,https://templatemo.com/tm-262-eco-green
templatemo_263_urban_city,corporate,2-column|blue|corporate|js|white,https://templatemo.com/tm-263-urban-city
templatemo_264_red_blog,blog,2-column|art|blog|css|html|js|red,https://templatemo.com/tm-264-red-blog
templatemo_265_light_house,misc,2-column|3-column|art|black|brown|css|html|js,https://templatemo.com/tm-265-light-house
templatemo_266_binder,misc,3-column|brown|css|js|white,https://templatemo.com/tm-266-binder
templatemo_267_mighty,misc,2-column|css|html|js|silver,https://templatemo.com/tm-267-mighty
templatemo_268_floral_design,blog,2-column|art|blog|blue|floral|js|stylish|yellow,https://templatemo.com/tm-268-floral-design
templatemo_269_pineapple,misc,1-column|3-column|4-column|css|html|js|silver|yellow,https://templatemo.com/tm-269-pineapple
templatemo_270_holiday,travel,2-column|3-column|4-column|blue|js|tour|travel,https://templatemo.com/tm-270-holiday
templatemo_271_press,blog,2-column|blog|css|html|js|pink|silver,https://templatemo.com/tm-271-press
templatemo_272_christmas_night,misc,3-column|art|blue|christmas|flash|js|night|stylish,https://templatemo.com/tm-272-christmas-night
templatemo_273_christmas_red,blog,3-column|blog|christmas|js|portfolio|red,https://templatemo.com/tm-273-christmas-red
templatemo_274_orange,blog,2-column|3-column|blog|css|html|js|orange,https://templatemo.com/tm-274-orange
templatemo_275_connection,corporate,1-column|3-column|blue|corporate|js|lightgray|silver,https://templatemo.com/tm-275-connection
templatemo_276_wooden_strip,blog,2-column|blog|html|js|wooden,https://templatemo.com/tm-276-wooden-strip
templatemo_277_platform,portfolio,blue|corporate|html|jquery|js|one-page|portfolio|silver|slategray,https://templatemo.com/tm-277-platform
templatemo_278_cafe_bakery,cafe,cafe|html|jquery|js|one-page|pink|stylish,https://templatemo.com/tm-278-cafe-bakery
templatemo_279_family,business,business|css|darkgray|family|html|js|silver,https://templatemo.com/tm-279-family
templatemo_280_sky_blue,blog,3-column|blog|blue|css|html|js,https://templatemo.com/tm-280-sky-blue
templatemo_281_chrome,blog,2-column|3d|blog|chrome|corporate|flash|js|lightgray|portfolio|silver,https://templatemo.com/tm-281-chrome
templatemo_282_building,construction,building|construction|css|green|html|js,https://templatemo.com/tm-282-building
templatemo_283_tomato,misc,jquery|js|one-page|red|silver|stylish,https://templatemo.com/tm-283-tomato
templatemo_284_mini_social,misc,brown|html|jquery|js|one-page|stylish,https://templatemo.com/tm-284-mini-social
templatemo_285_pinky,misc,css|html|js|pink|stylish,https://templatemo.com/tm-285-pinky
templatemo_286_blue_candy,misc,2-column|blue|candy|darkgray|js|stylish,https://templatemo.com/tm-286-blue-candy
templatemo_287_ancient,misc,art|css|html|js|yellow,https://templatemo.com/tm-287-ancient
templatemo_288_green_field,misc,2-column|css|green|html|js|one-page,https://templatemo.com/tm-288-green-field
templatemo_289_sandbox,misc,3-column|3d|art|darkgray|js,https://templatemo.com/tm-289-sandbox
templatemo_290_corner,misc,js|one-page|yellow,https://templatemo.com/tm-290-corner
templatemo_291_blue_motion,misc,2-column|blue|js,https://templatemo.com/tm-291-blue-motion
templatemo_292_red_top,misc,2-column|js|red,https://templatemo.com/tm-292-red-top
templatemo_293_liquid,misc,2-column|darkgray|js,https://templatemo.com/tm-293-liquid
templatemo_294_wall_shelf,misc,blue|js,https://templatemo.com/tm-294-wall-shelf
templatemo_295_floral_beige,blog,blog|brown|js|magazine,https://templatemo.com/tm-295-floral-beige
templatemo_296_soft_round,misc,blue|green|js,https://templatemo.com/tm-296-soft-round
templatemo_297_biz_theme,misc,3-column|blue|js|white,https://templatemo.com/tm-297-biz-theme
templatemo_298_neo_blog,blog,2-column|black|blog|brown|js,https://templatemo.com/tm-298-neo-blog
templatemo_299_power,misc,2-column|blue|green|js,https://templatemo.com/tm-299-power
templatemo_300_greeny,misc,3-column|green|js,https://templatemo.com/tm-300-greeny
templatemo_301_blue_ice,misc,blue|js,https://templatemo.com/tm-301-blue-ice
templatemo_302_tomato,misc,2-column|brown|js|red,https://templatemo.com/tm-302-tomato
templatemo_303_mini_wave,misc,green|js|one-page|yellow,https://templatemo.com/tm-303-mini-wave
templatemo_304_light_gray,misc,3-column|green|js|silver,https://templatemo.com/tm-304-light-gray
templatemo_305_golden_star,misc,3-column|darkgray|js|yellow,https://templatemo.com/tm-305-golden-star
templatemo_306_wooden_wall,misc,brown|jquery|js|one-page,https://templatemo.com/tm-306-wooden-wall
templatemo_307_ocean_blue,misc,3-column|blue|gallery|js,https://templatemo.com/tm-307-ocean-blue
templatemo_308_orange_spice,misc,4-column|js|orange,https://templatemo.com/tm-308-orange-spice
templatemo_309_city_blog,blog,2-column|black|blog|darkgray|gallery|js,https://templatemo.com/tm-309-city-blog
templatemo_310_green_field,misc,2-column|green|js,https://templatemo.com/tm-310-green-field
templatemo_311_pink_business,blog,blog|js|magazine|pink,https://templatemo.com/tm-311-pink-business
templatemo_312_magazine,blog,blog|js|magazine|white,https://templatemo.com/tm-312-magazine
templatemo_313_smoky,misc,3-column|blue|gallery|green|js,https://templatemo.com/tm-313-smoky
templatemo_314_spicy,blog,2-column|blog|brown|js|red,https://templatemo.com/tm-314-spicy
templatemo_315_village,misc,4-column|brown|js,https://templatemo.com/tm-315-village
templatemo_316_blue_marble,blog,black|blog|blue|js,https://templatemo.com/tm-316-blue-marble
templatemo_317_green_board,misc,green|jquery|js|one-page,https://templatemo.com/tm-317-green-board
templatemo_318_blue_sofa,misc,blue|js|silver,https://templatemo.com/tm-318-blue-sofa
templatemo_319_stable_business,misc,3-column|brown|js,https://templatemo.com/tm-319-stable-business
templatemo_320_sandy,misc,3-column|brown|js,https://templatemo.com/tm-320-sandy
templatemo_321_glossy_box,misc,3d|blue|js|violet,https://templatemo.com/tm-321-glossy-box
templatemo_322_sailing,misc,3-column|4-column|blue|js,https://templatemo.com/tm-322-sailing
templatemo_323_grunge_mini,misc,brown|jquery|js|one-page,https://templatemo.com/tm-323-grunge-mini
templatemo_324_green_home,misc,2-column|3-column|green|js,https://templatemo.com/tm-324-green-home
templatemo_325_briefcase,blog,3-column|blog|blue|js,https://templatemo.com/tm-325-briefcase
templatemo_326_yellow_star,misc,3-column|js|yellow,https://templatemo.com/tm-326-yellow-star
templatemo_327_pink_round,misc,3-column|js|pink|silver,https://templatemo.com/tm-327-pink-round
templatemo_328_vertical,misc,black|jquery|js|one-page|red,https://templatemo.com/tm-328-vertical
templatemo_329_blue_urban,misc,3-column|blue|js,https://templatemo.com/tm-329-blue-urban
templatemo_330_sand_paper,misc,jquery|js|one-page|silver,https://templatemo.com/tm-330-sand-paper
templatemo_331_magic_color,misc,blue|green|js|orange,https://templatemo.com/tm-331-magic-color
templatemo_332_blue_smoothie,blog,3-column|blog|blue|gallery|js,https://templatemo.com/tm-332-blue-smoothie
templatemo_333_golden_ray,misc,black|jquery|js|one-page|yellow,https://templatemo.com/tm-333-golden-ray
templatemo_334_violet,portfolio,3-column|blue|js|portfolio|violet,https://templatemo.com/tm-334-violet
templatemo_335_black_wall,blog,black|blog|gallery|js,https://templatemo.com/tm-335-black-wall
templatemo_336_platinum,magazine,2-column|3-column|js|magazine|silver,https://templatemo.com/tm-336-platinum
templatemo_337_rosey_pixel,misc,jquery|js|one-page|red,https://templatemo.com/tm-337-rosey-pixel
templatemo_338_grand_mini,misc,blue|jquery|js|one-page,https://templatemo.com/tm-338-grand-mini
templatemo_339_graphite,blog,2-column|4-column|black|blog|js|portfolio|silver,https://templatemo.com/tm-339-graphite
templatemo_340_purple_ray,misc,4-column|js|purple|silver,https://templatemo.com/tm-340-purple-ray
templatemo_341_web_store,ecommerce,catalog|ecommerce|green|js|silver|store,https://templatemo.com/tm-341-web-store
templatemo_342_single_slider,misc,accordion|brown|jquery|js|one-page,https://templatemo.com/tm-342-single-slider
templatemo_343_green_jelly,misc,2-column|darkgray|green|js,https://templatemo.com/tm-343-green-jelly
templatemo_344_newspaper,blog,3-column|black|blog|dropdown-menu|js|magazine|white,https://templatemo.com/tm-344-newspaper
templatemo_345_mini_one,misc,brown|jquery|js|one-page|orange,https://templatemo.com/tm-345-mini-one
templatemo_345_mini_two,misc,brown|jquery|js|one-page|orange,https://templatemo.com/tm-345-mini-two
templatemo_346_accordion,blog,accordion|blog|brown|jquery|js,https://templatemo.com/tm-346-accordion
templatemo_347_dark_pro,misc,black|js|red,https://templatemo.com/tm-347-dark-pro
templatemo_348_fresh_zone,blog,2-column|blog|js|orange|red,https://templatemo.com/tm-348-fresh-zone
templatemo_349_techno,blog,2-column|blog|darkgray|js|orange,https://templatemo.com/tm-349-techno
templatemo_350_soft_link,misc,3d|darkgray|js|white,https://templatemo.com/tm-350-soft-link
templatemo_351_aquatic,misc,blue|green|js,https://templatemo.com/tm-351-aquatic
templatemo_352_station_shop,ecommerce,blue|catalog|darkgray|ecommerce|js|store,https://templatemo.com/tm-352-station-shop
templatemo_353_beauty_class,misc,js|pink|white,https://templatemo.com/tm-353-beauty-class
templatemo_354_simple_grid,misc,2-column|blue|js,https://templatemo.com/tm-354-simple-grid
templatemo_355_work_center,misc,3d|darkgray|js,https://templatemo.com/tm-355-work-center
templatemo_356_morning,misc,green|js|yellow,https://templatemo.com/tm-356-morning
templatemo_357_slate,blog,blog|blue|green|js,https://templatemo.com/tm-357-slate
templatemo_358_carousel,misc,3-column|darkgray|js,https://templatemo.com/tm-358-carousel
templatemo_359_singular,misc,jquery|js|silver,https://templatemo.com/tm-359-singular
templatemo_360_bookstore,misc,2-column|3-column|brown|js,https://templatemo.com/tm-360-bookstore
templatemo_361_design_work,misc,3-column|blue|darkgray|js|white,https://templatemo.com/tm-361-design-work
templatemo_362_gift_red,misc,3-column|christmas|js|red|white,https://templatemo.com/tm-362-gift-red
templatemo_363_metro,misc,black|jquery|js|metro|one-page,https://templatemo.com/tm-363-metro
templatemo_364_aqua,misc,blue|green|jquery|js|one-page,https://templatemo.com/tm-364-aqua
templatemo_365_orando,misc,brown|dropdown-menu|js|orange|silver|white,https://templatemo.com/tm-365-orando
templatemo_366_agency,misc,3-column|brown|js,https://templatemo.com/tm-366-agency
templatemo_367_shoes,ecommerce,blue|brown|catalog|ecommerce|js|store|white,https://templatemo.com/tm-367-shoes
templatemo_368_connect,misc,brown|green|js|one-page,https://templatemo.com/tm-368-connect
templatemo_369_music_gallery,misc,darkgray|gallery|js,https://templatemo.com/tm-369-music-gallery
templatemo_370_focus,misc,green|jquery|js|one-page,https://templatemo.com/tm-370-focus
templatemo_371_gallery,misc,gallery|jquery|js|one-page|yellow,https://templatemo.com/tm-371-gallery
templatemo_372_titanium,misc,darkgray|js|white,https://templatemo.com/tm-372-titanium
templatemo_373_nightlight,misc,2-column|3-column|black|js|violet,https://templatemo.com/tm-373-nightlight
templatemo_374_responsive,misc,bootstrap|html5|js|responsive,https://templatemo.com/tm-374-responsive
templatemo_375_tech_layer,misc,darkgray|jquery|js|metro|one-page,https://templatemo.com/tm-375-tech-layer
templatemo_376_secured,misc,js|red|silver,https://templatemo.com/tm-376-secured
templatemo_377_blue_tech,misc,2-column|4-column|blue|js|silver,https://templatemo.com/tm-377-blue-tech
templatemo_378_dragonfly,misc,darkgray|gallery|jquery|js|one-page,https://templatemo.com/tm-378-dragonfly
templatemo_379_catalog,misc,blue|bootstrap|catalog|css3|green|html5|js,https://templatemo.com/tm-379-catalog
templatemo_380_eco_tree,misc,3-column|css|js|sliver|white,https://templatemo.com/tm-380-eco-tree
templatemo_381_blactro,misc,black|jquery|js|metro|one-page,https://templatemo.com/tm-381-blactro
templatemo_382_simplex,mobile,bootstrap|html5|js|mobile|responsive,https://templatemo.com/tm-382-simplex
templatemo_383_smoke_house,misc,2-column|darkgray|html|js,https://templatemo.com/tm-383-smoke-house
templatemo_384_trendy,misc,jquery|js|metro|one-page,https://templatemo.com/tm-384-trendy
templatemo_385_floral_shop,ecommerce,ecommerce|green|js|store,https://templatemo.com/tm-385-floral-shop
templatemo_386_spectrum,misc,jquery|js|one-page|orange|red,https://templatemo.com/tm-386-spectrum
templatemo_387_channel,misc,css|js|purple|violet,https://templatemo.com/tm-387-channel
templatemo_388_runner,misc,3-column|html|js|silver,https://templatemo.com/tm-388-runner
templatemo_389_universe,misc,2-column|black|css|fixed|html|js,https://templatemo.com/tm-389-universe
templatemo_390_powerful,misc,html5|js|one-page|responsive,https://templatemo.com/tm-390-powerful
templatemo_391_botany,misc,2-column|css3|html5|js|orange|responsive,https://templatemo.com/tm-391-botany
templatemo_392_avocado,misc,css|html|js|one-page|yellow,https://templatemo.com/tm-392-avocado
templatemo_393_fantasy,misc,bootstrap|catalog|css|html5|js|red|responsive|white,https://templatemo.com/tm-393-fantasy
templatemo_394_sonic,portfolio,2-column|blue|bootstrap|css|html5|js|portfolio|responsive,https://templatemo.com/tm-394-sonic
templatemo_395_urbanic,corporate,corporate|html5|js|one-page|orange|responsive,https://templatemo.com/tm-395-urbanic
templatemo_396_smoothy,portfolio,corporate|green|html5|js|one-page|portfolio|responsive,https://templatemo.com/tm-396-smoothy
templatemo_397_concept,photography,gallery|html5|js|photography|portfolio|red|responsive,https://templatemo.com/tm-397-concept
templatemo_398_nature,photography,bootstrap|gallery|html5|js|photography|responsive,https://templatemo.com/tm-398-nature
templatemo_399_tamarillo,misc,css3|html5|js|one-page|red|responsive,https://templatemo.com/tm-399-tamarillo
templatemo_400_polygon,photography,bootstrap|css3|gallery|hexagon|html5|js|mobile|photography|responsive|yellow,https://templatemo.com/tm-400-polygon
templatemo_401_sprint,photography,bootstrap|green|html5|js|mobile|photography|responsive,https://templatemo.com/tm-401-sprint
templatemo_402_genius,mobile,black|bootstrap|darkgray|html5|jquery|js|mobile|red|responsive,https://templatemo.com/tm-402-genius
templatemo_403_karma,mobile,blue|bootstrap|html5|js|mobile|one-page|orange|responsive,https://templatemo.com/tm-403-karma
templatemo_404_reactive,misc,blue|html5|js|one-page|responsive,https://templatemo.com/tm-404-reactive
templatemo_405_matrix,mobile,darkgray|html5|jquery|js|metro|mobile,https://templatemo.com/tm-405-matrix
templatemo_406_flex,agency,agency|bootstrap|corporate|js|portfolio|red|responsive,https://templatemo.com/tm-406-flex
templatemo_407_solidity,misc,bootstrap|css3|gallery|green|html5|js|responsive,https://templatemo.com/tm-407-solidity
templatemo_408_polystar,misc,blue|hexagon|html5|js,https://templatemo.com/tm-408-polystar
templatemo_409_travel,travel,bootstrap|green|js|mobile|responsive|tour|travel,https://templatemo.com/tm-409-travel
templatemo_410_circle,photography,gallery|html5|jquery|js|mobile|photography|portfolio|yellow,https://templatemo.com/tm-410-circle
templatemo_411_dragonfruit,misc,blue|html5|jquery|js|red|white,https://templatemo.com/tm-411-dragonfruit
templatemo_412_authentic,photography,bootstrap|html5|jquery|js|mobile|photography|responsive|yellow,https://templatemo.com/tm-412-authentic
templatemo_413_flip_turn,photography,3d|animated|html5|js|lightgray|photography|white,https://templatemo.com/tm-413-flip-turn
templatemo_414_zoom,misc,animated|gallery|html5|jquery|js|zoom,https://templatemo.com/tm-414-zoom
templatemo_415_dashboard,misc,admin|dashboard|html5|js|responsive|table,https://templatemo.com/tm-415-dashboard
templatemo_416_xenon,portfolio,blue|bootstrap|brown|gallery|html5|js|portfolio|red|responsive|white,https://templatemo.com/tm-416-xenon
templatemo_417_grill,restaurant,blog|html5|js|orange|portfolio|responsive|restaurant,https://templatemo.com/tm-417-grill
templatemo_418_form_pack,misc,admin|form|html5|js|login|responsive,https://templatemo.com/tm-418-form-pack
templatemo_419_black_white,misc,black|bootstrap|html5|js|responsive|white,https://templatemo.com/tm-419-black-white
templatemo_420_ocean,misc,blue|html5|js|one-page|responsive|white,https://templatemo.com/tm-420-ocean
templatemo_421_raleway,portfolio,animated|bootstrap|html5|js|portfolio|responsive|slategray,https://templatemo.com/tm-421-raleway
templatemo_422_freshness,misc,bootstrap|js|one-page|red|responsive,https://templatemo.com/tm-422-freshness
templatemo_423_artcore,photography,bootstrap|gallery|gray|html5|js|photography|portfolio|responsive|white,https://templatemo.com/tm-423-artcore
templatemo_424_roller,misc,bootstrap|darkgray|html5|js|responsive|table|yellow,https://templatemo.com/tm-424-roller
templatemo_425_rainbow,misc,blue|green|html5|js|purple|responsive,https://templatemo.com/tm-425-rainbow
templatemo_426_conquer,misc,bootstrap|js|one-page|orange|responsive,https://templatemo.com/tm-426-conquer
templatemo_427_timeline,misc,animated|bootstrap|green|js|responsive|timeline,https://templatemo.com/tm-427-timeline
templatemo_428_kool_store,ecommerce,blue|ecommerce|js|metro|responsive|shop|store,https://templatemo.com/tm-428-kool-store
templatemo_429_pro_audio,music,bootstrap|js|mobile|music|responsive|silver|white,https://templatemo.com/tm-429-pro-audio
templatemo_430_robotic,misc,bootstrap|darkgray|green|js|one-page|responsive|table,https://templatemo.com/tm-430-robotic
templatemo_431_ion,mobile,bootstrap|js|mobile|one-page|responsive|white,https://templatemo.com/tm-431-ion
templatemo_432_impressum,portfolio,bootstrap|js|parallax|portfolio|responsive,https://templatemo.com/tm-432-impressum
templatemo_433_gloss,portfolio,blue|business|js|portfolio|responsive,https://templatemo.com/tm-433-gloss
templatemo_434_masonry,photography,gallery|js|masonry|mobile|photography|responsive,https://templatemo.com/tm-434-masonry
templatemo_435_curvy_soon,misc,bootstrap|countdown|darkgray|js|orange|responsive,https://templatemo.com/tm-435-curvy-soon
templatemo_436_alpines,mobile,blue|js|lightgray|mobile|responsive,https://templatemo.com/tm-436-alpines
templatemo_437_crystal,mobile,bootstrap|darkgray|green|js|mobile|table|white,https://templatemo.com/tm-437-crystal
templatemo_438_layer,misc,animated|bootstrap|js|lightgray|parallax|red|white,https://templatemo.com/tm-438-layer
templatemo_439_rectangle,mobile,animated|bootstrap|green|html5|js|mobile,https://templatemo.com/tm-439-rectangle
templatemo_440_brownie,misc,black|brown|darkgray|gold|js|one-page,https://templatemo.com/tm-440-brownie
templatemo_441_volton,mobile,blue|bootstrap|js|minimal|mobile|portfolio|white,https://templatemo.com/tm-441-volton
templatemo_442_grand,portfolio,bootstrap|business|golden|js|pink|portfolio|responsive,https://templatemo.com/tm-442-grand
templatemo_443_stream,mobile,darkblue|js|mobile|portfolio|responsive,https://templatemo.com/tm-443-stream
templatemo_444_composite,agency,agency|bootstrap|digital-marketing|js|orange|portfolio|responsive|resume,https://templatemo.com/tm-444-composite
templatemo_445_shaped,misc,black|bootstrap|brown|js|responsive|white,https://templatemo.com/tm-445-shaped
templatemo_446_boxer,misc,blue|bootstrap|html5|js|landing-page|responsive|white,https://templatemo.com/tm-446-boxer
templatemo_447_coming,misc,animated|bootstrap|countdown|js|pink,https://templatemo.com/tm-447-coming
templatemo_448_division,business,animated|bootstrap|business|js|responsive,https://templatemo.com/tm-448-division
templatemo_449_green,mobile,bootstrap|green|js|mobile|portfolio|responsive,https://templatemo.com/tm-449-green
templatemo_450_awesome,portfolio,black|business|corporate|darkgray|js|portfolio|responsive,https://templatemo.com/tm-450-awesome
templatemo_451_modest,mobile,animated|blue|js|landing-page|mobile|pink|white,https://templatemo.com/tm-451-modest
templatemo_452_stone,misc,blue|bootstrap|darkgray|js|multi-page|responsive,https://templatemo.com/tm-452-stone
templatemo_453_outline,portfolio,animated|bootstrap|js|portfolio|responsive,https://templatemo.com/tm-453-outline
templatemo_454_compass,corporate,bootstrap|business|corporate|js|orange|responsive|white,https://templatemo.com/tm-454-compass
templatemo_455_visual_admin,mobile,2-column|admin|bootstrap|darkgray|green|js|mobile|multi-page|responsive|white,https://templatemo.com/tm-455-visual-admin
templatemo_456_luxury_gold,clothing,black|clothing|gold|html5|js|multi-page|portfolio|responsive|white,https://templatemo.com/tm-456-luxury-gold
templatemo_457_multi_profile,portfolio,bootstrap|green|js|multi-page|portfolio|responsive|timeline|white,https://templatemo.com/tm-457-multi-profile
templatemo_458_lavish,portfolio,black|bootstrap|darkgray|js|one-page|portfolio|resume,https://templatemo.com/tm-458-lavish
templatemo_459_pizza,restaurant,bootstrap|js|minimal|orange|responsive|restaurant|white,https://templatemo.com/tm-459-pizza
templatemo_460_medigo,blog,blog|blue|business|dropdown-menu|green|js|multi-page|orange|parallax|portfolio|red|white,https://templatemo.com/tm-460-medigo
templatemo_461_workforce,corporate,animated|bootstrap|corporate|darkgray|js|responsive|white,https://templatemo.com/tm-461-workforce
templatemo_462_coming_soon,agency,agency|animated|business|countdown|darkgray|js|orange|white,https://templatemo.com/tm-462-coming-soon
templatemo_463_motor,misc,automobile|black|bootstrap|catalog|js|multi-page|responsive,https://templatemo.com/tm-463-motor
templatemo_464_ultra_profile,education,bootstrap|education|js|one-page|portfolio|responsive|resume|white,https://templatemo.com/tm-464-ultra-profile
templatemo_465_alpha,education,animated|business|corporate|education|html5|js|one-page|portfolio|responsive|table|white,https://templatemo.com/tm-465-alpha
templatemo_466_cafe_house,restaurant,bootstrap|brown|cafe|darkgray|js|multi-page|responsive|restaurant,https://templatemo.com/tm-466-cafe-house
templatemo_467_easy_profile,education,blue|education|gray|green|js|minimal|orange|resume,https://templatemo.com/tm-467-easy-profile
templatemo_468_onetel,portfolio,black|business|gallery|js|multi-page|portfolio,https://templatemo.com/tm-468-onetel
templatemo_469_impulse,mobile,bootstrap|html5|js|mobile|orange|parallax|portfolio|white,https://templatemo.com/tm-469-impulse
templatemo_470_metro_city,misc,blue|bootstrap|darkgray|js|metro|multi-page|red|responsive,https://templatemo.com/tm-470-metro-city
templatemo_471_zigzag,misc,blue|darkgray|js|metro|one-page|white,https://templatemo.com/tm-471-zigzag
templatemo_472_blaster,portfolio,bootstrap|js|lightgray|one-page|portfolio|responsive,https://templatemo.com/tm-472-blaster
templatemo_473_november,corporate,blue|business|corporate|html5|js|one-page|responsive|table,https://templatemo.com/tm-473-november
templatemo_474_app_landing,misc,blue|bootstrap|elements|js|landing-page|responsive,https://templatemo.com/tm-474-app-landing
templatemo_475_holiday,travel,black|form|html5|js|landing-page|lightgray|multi-page|tour|travel|yellow,https://templatemo.com/tm-475-holiday
templatemo_476_conquer,misc,4-column|bootstrap|js|one-page|parallax|responsive,https://templatemo.com/tm-476-conquer
templatemo_477_puzzle,misc,blue|bootstrap|js|minimal|one-page|responsive,https://templatemo.com/tm-477-puzzle
templatemo_478_accord,photography,2-column|blue|bootstrap|gallery|js|masonry|photography|responsive,https://templatemo.com/tm-478-accord
templatemo_479_sigma,portfolio,4-column|bootstrap-4|gallery|html5|js|lightgray|portfolio,https://templatemo.com/tm-479-sigma
templatemo_480_story,portfolio,bootstrap-4|gallery|html5|js|portfolio|responsive,https://templatemo.com/tm-480-story
templatemo_481_elevate,portfolio,bootstrap-4|js|minimal|one-page|portfolio|responsive|white,https://templatemo.com/tm-481-elevate
templatemo_482_strip,misc,2-column|blue|bootstrap-4|darkgray|green|js|one-page|red|yellow,https://templatemo.com/tm-482-strip
templatemo_483_lumino,misc,bootstrap|js|lightgray|one-page|responsive|white,https://templatemo.com/tm-483-lumino
templatemo_484_ocean,misc,blue|bootstrap-4|js|minimal|one-page|responsive,https://templatemo.com/tm-484-ocean
templatemo_485_rainbow,misc,bootstrap|js|khaki|one-page|rainbow|responsive|table|yellow,https://templatemo.com/tm-485-rainbow
templatemo_486_new_event,education,bootstrap|education|event|js|one-page|parallax|timeline,https://templatemo.com/tm-486-new-event
templatemo_487_fitness,agency,agency|blog|health-fitness|js|landing-page|multi-page|responsive,https://templatemo.com/tm-487-fitness
templatemo_488_classic,blog,2-column|3-column|4-column|blog|bootstrap|js|magazine|multi-page|responsive|white,https://templatemo.com/tm-488-classic
templatemo_489_strategy,misc,bootstrap|js|one-page|purple|responsive|table,https://templatemo.com/tm-489-strategy
templatemo_490_comila,misc,black|js|one-page|responsive|white|yellow,https://templatemo.com/tm-490-comila
templatemo_491_flat,misc,animated|gallery|js|one-page|responsive,https://templatemo.com/tm-491-flat
templatemo_492_app_starter,mobile,js|landing-page|mobile|pink|purple|responsive|table,https://templatemo.com/tm-492-app-starter
templatemo_493_snapshot,agency,agency|bootstrap|darkblue|js|landing-page|minimal|one-page,https://templatemo.com/tm-493-snapshot
templatemo_494_motion,misc,bootstrap|gallery|html5|js|responsive|video,https://templatemo.com/tm-494-motion
templatemo_495_metro_fit,corporate,blue|bootstrap|corporate|html5|js|metro|responsive,https://templatemo.com/tm-495-metro-fit
templatemo_496_pipeline,portfolio,2-column|bootstrap|html5|js|pink|portfolio,https://templatemo.com/tm-496-pipeline
templatemo_497_upper,photography,bootstrap|gallery|html5|js|one-page|photography|responsive,https://templatemo.com/tm-497-upper
templatemo_498_stimulus,education,2-column|4-column|education|html5|js|one-page|portfolio|resume,https://templatemo.com/tm-498-stimulus
templatemo_499_catalyst,misc,2-column|bootstrap|grey|html5|js|minimal|one-page|responsive|white,https://templatemo.com/tm-499-catalyst
templatemo_500_fluid_gallery,misc,bootstrap|gallery|html5|js|responsive,https://templatemo.com/tm-500-fluid-gallery
templatemo_501_neaty,portfolio,2-column|blue|bootstrap|gallery|js|minimal|portfolio|responsive|white,https://templatemo.com/tm-501-neaty
templatemo_502_short,portfolio,bootstrap|js|minimal|one-page|portfolio|responsive,https://templatemo.com/tm-502-short
templatemo_503_newline,portfolio,bootstrap|darkgray|js|one-page|portfolio|video|yellow,https://templatemo.com/tm-503-newline
templatemo_504_page_one,photography,gallery|html5|js|one-page|photography|portfolio,https://templatemo.com/tm-504-page-one
templatemo_505_stacked,portfolio,bootstrap|darkblue|js|one-page|portfolio|responsive,https://templatemo.com/tm-505-stacked
templatemo_506_tinker,portfolio,bootstrap|digital-marketing|gallery|html5|js|one-page|parallax|portfolio,https://templatemo.com/tm-506-tinker
templatemo_507_victory,restaurant,blog|bootstrap|html5|js|restaurant,https://templatemo.com/tm-507-victory
templatemo_508_power,corporate,blue|bootstrap|business|corporate|digital-marketing|html5|js,https://templatemo.com/tm-508-power
templatemo_509_hydro,portfolio,blue|bootstrap|business|digital-marketing|green|js|landing-page|portfolio,https://templatemo.com/tm-509-hydro
templatemo_510_letter,misc,form|js|minimal|one-page|responsive,https://templatemo.com/tm-510-letter
templatemo_511_journey,travel,form|html5|js|responsive|tour|travel,https://templatemo.com/tm-511-journey
templatemo_512_moonlight,photography,bootstrap|darkgray|js|one-page|photography|portfolio,https://templatemo.com/tm-512-moonlight
templatemo_513_avalon,misc,bootstrap|css|js|one-page|orange|red|responsive|table|yellow,https://templatemo.com/tm-513-avalon
templatemo_514_magazee,magazine,bootstrap-4|css|html5|js|magazine|one-page|red|table,https://templatemo.com/tm-514-magazee
templatemo_515_eatery,restaurant,black|cafe|js|parallax|responsive|restaurant,https://templatemo.com/tm-515-eatery
templatemo_516_known,education,bootstrap|business|corporate|css|education|green|html5|js|white,https://templatemo.com/tm-516-known
templatemo_517_timeless,misc,black|bootstrap-4|darkgray|js|minimal|one-page|responsive|timeline|video,https://templatemo.com/tm-517-timeless
templatemo_518_sentra,photography,bootstrap|css|darkgray|js|one-page|photography|portfolio|purple,https://templatemo.com/tm-518-sentra
templatemo_519_beauty,portfolio,bootstrap-4|js|one-page|pink|portfolio|responsive|white,https://templatemo.com/tm-519-beauty
templatemo_520_highway,blog,blog|darkgrey|gallery|html5|js|portfolio|video,https://templatemo.com/tm-520-highway
templatemo_521_get_ready,misc,countdown|js|minimal|one-page|responsive,https://templatemo.com/tm-521-get-ready
templatemo_522_venue,travel,blue|bootstrap|darkgrey|dropdown-menu|form|html5|js|table|travel,https://templatemo.com/tm-522-venue
templatemo_523_image_survey,education,bootstrap-4|css|education|form|html5|js|responsive,https://templatemo.com/tm-523-image-survey
templatemo_524_product_admin,misc,admin|bootstrap-4|darkgray|dashboard|dropdown-menu|js|login|multi-page,https://templatemo.com/tm-524-product-admin
templatemo_525_the_town,misc,blue|bootstrap|css|js|one-page|orange|parallax|simple,https://templatemo.com/tm-525-the-town
templatemo_526_vanilla,portfolio,blue|bootstrap-4|js|one-page|parallax|portfolio,https://templatemo.com/tm-526-vanilla
templatemo_527_sided,misc,2-column|blue|bootstrap-4|css|html5|js|multi-page|simple,https://templatemo.com/tm-527-sided
templatemo_528_elegance,portfolio,blue|bootstrap-4|html5|js|portfolio|resume|video,https://templatemo.com/tm-528-elegance
templatemo_529_ramayana,misc,2-column|bootstrap-4|css|dropdown-menu|form|html5|js|table,https://templatemo.com/tm-529-ramayana
templatemo_530_mini_profile,resume,bootstrap-4|css|js|minimal|one-page|parallax|resume,https://templatemo.com/tm-530-mini-profile
templatemo_531_reflux,portfolio,bootstrap-4|css|js|one-page|portfolio|red,https://templatemo.com/tm-531-reflux
templatemo_532_next_level,portfolio,bootstrap|corporate|gallery|js|parallax|portfolio|simple|white,https://templatemo.com/tm-532-next-level
templatemo_533_verticard,portfolio,css|js|personal|portfolio|simple|white,https://templatemo.com/tm-533-verticard
templatemo_534_parallo,mobile,bootstrap-4|css|js|landing-page|mobile|parallax,https://templatemo.com/tm-534-parallo
templatemo_535_softy_pinko,corporate,bootstrap-4|business|corporate|digital-marketing|hosting|js|landing-page|one-page|pink|purple|table,https://templatemo.com/tm-535-softy-pinko
templatemo_536_dream_pulse,portfolio,2-column|bootstrap-4|css|digital-marketing|js|minimal|one-page|portfolio,https://templatemo.com/tm-536-dream-pulse
templatemo_537_art_factory,misc,2-column|animated|bootstrap-4|digital-marketing|js|landing-page|one-page,https://templatemo.com/tm-537-art-factory
templatemo_538_digital_trend,corporate,business|corporate|digital-marketing|js|landing-page|multi-page,https://templatemo.com/tm-538-digital-trend
templatemo_539_simple_house,restaurant,css|green|js|minimal|multi-page|parallax|responsive|restaurant,https://templatemo.com/tm-539-simple-house
templatemo_540_lava_landing_page,corporate,bootstrap-4|business|corporate|dropdown-menu|js|landing-page|orange|pink,https://templatemo.com/tm-540-lava-landing-page
templatemo_541_host_cloud,corporate,bootstrap-4|business|corporate|hosting|js|multi-page|purple,https://templatemo.com/tm-541-host-cloud
templatemo_542_new_vision,misc,2-column|bootstrap-4|digital-marketing|js|minimal|multi-page,https://templatemo.com/tm-542-new-vision
templatemo_543_breezed,corporate,bootstrap-4|business|corporate|digital-marketing|dropdown-menu|js|one-page,https://templatemo.com/tm-543-breezed
templatemo_544_comparto,misc,css|gallery|js|minimal|one-page|responsive,https://templatemo.com/tm-544-comparto
templatemo_545_finance_business,corporate,bootstrap-4|business|corporate|digital-marketing|js|multi-page|one-page,https://templatemo.com/tm-545-finance-business
templatemo_546_sixteen_clothing,ecommerce,3-column|bootstrap-4|business|corporate|ecommerce|js|multi-page|store,https://templatemo.com/tm-546-sixteen-clothing
templatemo_547_real_dynamic,corporate,bootstrap-4|business|corporate|darkgray|digital-marketing|gallery|js|parallax,https://templatemo.com/tm-547-real-dynamic
templatemo_548_training_studio,business,2-column|bootstrap-4|business|darygray|health-fitness|js|video,https://templatemo.com/tm-548-training-studio
templatemo_549_business_oriented,corporate,bootstrap-4|business|corporate|digital-marketing|js|multi-page,https://templatemo.com/tm-549-business-oriented
templatemo_550_diagoona,misc,bootstrap-4|css|html5|js|multi-page|responsive,https://templatemo.com/tm-550-diagoona
templatemo_551_stand_blog,travel,2-column|blog|bootstrap-4|js|multi-page|travel,https://templatemo.com/tm-551-stand-blog
templatemo_552_video_catalog,photography,bootstrap-4|gallery|js|multi-page|photography|portfolio|video,https://templatemo.com/tm-552-video-catalog
templatemo_553_xtra_blog,blog,2-column|blog|bootstrap-4|business|digital-marketing|js|multi-page,https://templatemo.com/tm-553-xtra-blog
templatemo_554_ocean_vibes,photography,css|gallery|js|photography|portfolio|responsive|video,https://templatemo.com/tm-554-ocean-vibes
templatemo_555_upright,portfolio,bootstrap-4|gallery|js|one-page|parallax|portfolio,https://templatemo.com/tm-555-upright
templatemo_556_catalog_z,photography,bootstrap|bootstrap-5|css|gallery|js|multi-page|photography|video,https://templatemo.com/tm-556-catalog-z
templatemo_557_grad_school,education,bootstrap-4|css|dropdown-menu|education|html5|js|responsive|video,https://templatemo.com/tm-557-grad-school
templatemo_558_klassy_cafe,restaurant,bootstrap-4|css|dropdown-menu|js|red|responsive|restaurant,https://templatemo.com/tm-558-klassy-cafe
templatemo_559_zay_shop,ecommerce,bootstrap-5|css|ecommerce|green|js|multi-page|store,https://templatemo.com/tm-559-zay-shop
templatemo_560_astro_motion,misc,bootstrap-5|css|green|js|one-page|responsive|video,https://templatemo.com/tm-560-astro-motion
templatemo_561_purple_buzz,corporate,3-column|bootstrap-5|corporate|css|js|multi-page|purple,https://templatemo.com/tm-561-purple-buzz
templatemo_562_space_dynamic,corporate,blue|bootstrap-5|corporate|digital-marketing|js|one-page|red,https://templatemo.com/tm-562-space-dynamic
templatemo_563_seo_dream,agency,agency|blue|bootstrap-5|corporate|digital-marketing|js|one-page,https://templatemo.com/tm-563-seo-dream
templatemo_564_plot_listing,travel,bootstrap-5|business|corporate|js|multi-page|responsive|travel,https://templatemo.com/tm-564-plot-listing
templatemo_565_onix_digital,corporate,bootstrap-5|business|corporate|css|digital-marketing|js,https://templatemo.com/tm-565-onix-digital
templatemo_566_medic_care,misc,bootstrap-5|health-fitness|js|minimal|one-page|white,https://templatemo.com/tm-566-medic-care
templatemo_567_nomad_force,misc,bootstrap-5|digital-marketing|js|one-page|video|white,https://templatemo.com/tm-567-nomad-force
templatemo_568_digimedia,corporate,bootstrap-5|business|corporate|digital-marketing|js|one-page,https://templatemo.com/tm-568-digimedia
templatemo_569_edu_meeting,education,bootstrap-5|dropdown-menu|education|js|multi-page|responsive|video,https://templatemo.com/tm-569-edu-meeting
templatemo_570_chain_app_dev,misc,bootstrap-5|css|digital-marketing|js|landing-page|responsive,https://templatemo.com/tm-570-chain-app-dev
templatemo_571_hexashop,ecommerce,bootstrap-4|business|dropdown-menu|ecommerce|html5|js|multi-page|responsive,https://templatemo.com/tm-571-hexashop
templatemo_572_designer,portfolio,bootstrap-5|business|corporate|gallery|js|masonry|multi-page|portfolio,https://templatemo.com/tm-572-designer
templatemo_573_eduwell,education,bootstrap-5|business|corporate|education|js,https://templatemo.com/tm-573-eduwell
templatemo_574_mexant,corporate,bootstrap-5|business|corporate|css|digital-marketing|dropdown-menu|js|multi-page,https://templatemo.com/tm-574-mexant
templatemo_575_leadership_event,corporate,blue|bootstrap-5|business|corporate|js|one-page,https://templatemo.com/tm-575-leadership-event
templatemo_576_snapx_photography,photography,3-column|blue|bootstrap-5|business|dropdown-menu|gallery|js|multi-page|photography,https://templatemo.com/tm-576-snapx-photography
templatemo_577_liberty_market,corporate,bootstrap-5|business|corporate|css|js|multi-page,https://templatemo.com/tm-577-liberty-market
templatemo_578_first_portfolio,portfolio,boostrap-5|green|js|one-page|portfolio|purple,https://templatemo.com/tm-578-first-portfolio
templatemo_579_cyborg_gaming,misc,bootstrap-5|css|darkgray|gallery|js|multi-page,https://templatemo.com/tm-579-cyborg-gaming
templatemo_580_woox_travel,travel,agency|bootstrap-5|css|js|multi-page|tour|travel,https://templatemo.com/tm-580-woox-travel
templatemo_581_kind_heart_charity,charity,bootstrap-5|charity|form|js|multi-page|one-page,https://templatemo.com/tm-581-kind-heart-charity
templatemo_582_tale_seo_agency,agency,agency|bootstrap-5|business|corporate|digital-marketing|js|purple,https://templatemo.com/tm-582-tale-seo-agency
templatemo_583_festava_live,misc,bootstrap-5|css|js|one-page|responsive|video,https://templatemo.com/tm-583-festava-live
templatemo_584_pod_talk,misc,blue|bootstrap-5|digital-marketing|dropdown-menu|js|multi-page,https://templatemo.com/tm-584-pod-talk
templatemo_585_barber_shop,misc,2-column|bootstrap-5|js|responsive|yellow,https://templatemo.com/tm-585-barber-shop
templatemo_586_scholar,misc,bootstrap-5|digital-marketing|js|one-page|purple|responsive,https://templatemo.com/tm-586-scholar
templatemo_587_tiya_golf_club,travel,bootstrap-5|business|dropdown-menu|js|multi-page|one-page|travel,https://templatemo.com/tm-587-tiya-golf-club
templatemo_588_ebook_landing,misc,bootstrap-5|css|digital-marketing|js|landing-page,https://templatemo.com/tm-588-ebook-landing
templatemo_589_lugx_gaming,misc,blue|bootstrap-5|css|digital-marketing|js|multi-page,https://templatemo.com/tm-589-lugx-gaming
templatemo_590_topic_listing,education,bootstrap-5|digital-marketing|education|green|js|multi-page|timeline,https://templatemo.com/tm-590-topic-listing
templatemo_591_villa_agency,agency,agency|bootstrap-5|business|corporate|digital-marketing|js|multi-page,https://templatemo.com/tm-591-villa-agency
templatemo_592_glossy_touch,portfolio,animated|darkblue|glassmorphism|js|portfolio|responsive,https://templatemo.com/tm-592-glossy-touch
templatemo_593_personal_shape,portfolio,css|js|one-page|portfolio|purple,https://templatemo.com/tm-593-personal-shape
templatemo_594_nexus_flow,corporate,business|corporate|cyberpunk|dark-theme|glassmorphism|js|one-page,https://templatemo.com/tm-594-nexus-flow
templatemo_595_3d_coverflow,misc,black|css|dark-theme|gallery|html|js|one-page,https://templatemo.com/tm-595-3d-coverflow
templatemo_596_electric_xtra,misc,black|cyberpunk|dark-theme|js|landing-page|one-page,https://templatemo.com/tm-596-electric-xtra
templatemo_597_neural_glass,misc,cyberpunk|digital-marketing|glassmorphism|html5|js,https://templatemo.com/tm-597-neural-glass
templatemo_598_sleeky_pro,photography,glassmorphism|js|photography|portfolio|responsive,https://templatemo.com/tm-598-sleeky-pro
templatemo_599_noir_fashion,clothing,black|clothing|dark-theme|ecommerce|js|magazine|shop|store,https://templatemo.com/tm-599-noir-fashion
templatemo_600_prism_flux,agency,agency|black|business|dark-theme|js|portfolio,https://templatemo.com/tm-600-prism-flux
templatemo_601_chain_summit,misc,black|blockchain|dark-theme|js|landing-page|one-page,https://templatemo.com/tm-601-chain-summit
templatemo_602_graph_page,misc,admin|analytics|cyberpunk|dark-theme|dashboard|js|one-page,https://templatemo.com/tm-602-graph-page
templatemo_603_nexaverse,agency,agency|dark-theme|glassmorphism|js|one-page|portfolio|responsive,https://templatemo.com/tm-603-nexaverse
templatemo_604_christmas_piano,music,dark-theme|gallery|glassmorphism|js|music|one-page,https://templatemo.com/tm-604-christmas-piano
templatemo_605_xmas_countdown,event,countdown|dark-theme|event|glassmorphism|js|one-page,https://templatemo.com/tm-605-xmas-countdown
templatemo_606_string_master,education,dark-theme|education|js|landing-page|music|responsive,https://templatemo.com/tm-606-string-master
templatemo_607_glass_admin,misc,admin|dark-theme|dashboard|glassmorphism|js|responsive,https://templatemo.com/tm-607-glass-admin
templatemo_608_daynight_admin,misc,admin|dark-theme|dashboard|js|multi-page|responsive,https://templatemo.com/tm-608-daynight-admin
templatemo_609_crypto_vault,misc,admin|analytics|dark-theme|dashboard|js|responsive,https://templatemo.com/tm-609-crypto-vault
templatemo_610_aurum_gold,business,black|business|dark-theme|js|one-page|responsive,https://templatemo.com/tm-610-aurum-gold
templatemo_611_maison_doree,ecommerce,business|ecommerce|gallery|js|one-page|responsive,https://templatemo.com/tm-611-maison-doree
templatemo_612_parallax_starter,agency,agency|js|minimal|one-page|parallax|responsive,https://templatemo.com/tm-612-parallax-starter
templatemo_613_frost_bakery,restaurant,cafe|js|landing-page|one-page|responsive|restaurant,https://templatemo.com/tm-613-frost-bakery
templatemo_614_quantix_saas,business,analytics|business|dark-theme|js|landing-page|one-page,https://templatemo.com/tm-614-quantix-saas
templatemo_615_amber_folio,photography,dark-theme|gallery|js|one-page|photography|portfolio,https://templatemo.com/tm-615-amber-folio
templatemo_616_split_index,photography,css|gallery|js|one-page|photography|portfolio,https://templatemo.com/tm-616-split-index
templatemo_617_pixel_forge,misc,dark-theme|gallery|glassmorphism|js|landing-page|one-page,https://templatemo.com/tm-617-pixel-forge
templatemo_618_the_catalyst,misc,analytics|css|js|landing-page|minimal|one-page,https://templatemo.com/tm-618-the-catalyst
templatemo_619_axis_industrial,corporate,corporate|css|dark-theme|js|landing-page|multi-page,https://templatemo.com/tm-619-axis-industrial
templatemo_620_compression,portfolio,css|dark-theme|gallery|js|one-page|portfolio,https://templatemo.com/tm-620-compression
templatemo_621_luminary,business,analytics|business|dark-theme|js|landing-page|one-page,https://templatemo.com/tm-621-luminary
templatemo_622_clearwave,business,analytics|business|dashboard|digital-marketing|js|landing-page|one-page,https://templatemo.com/tm-622-clearwave
templatemo_623_novapay,misc,js,https://templatemo.com/tm-623-novapay
templatemo_624_lustro_slideshow,business,business|dark-theme|dashboard|glassmorphism|js|landing-page|one-page,https://templatemo.com/tm-624-lustro-slideshow
templatemo_625_folio_slideshow,photography,creative|gallery|js|minimal|one-page|photography|portfolio,https://templatemo.com/tm-625-folio-slideshow
templatemo_626_ledger_slideshow,corporate,business|corporate|dark-theme|js|landing-page|minimal|one-page,https://templatemo.com/tm-626-ledger-slideshow
templatemo_627_hyperluv_slideshow,music,dark-theme|event|gallery|js|landing-page|music|one-page,https://templatemo.com/tm-627-hyperluv-slideshow
